<?xml version="1.0" encoding="UTF-8"?>
<!-- This file stores a copy of all RSE Systems referenced by the project 
so the systems can be automatically recreated when the project is imported in a new workspace. 
This file is automatically generated and updated by the Eclipse IDE.-->
<APSC_Memento>
<host>
<properties>
<property key="hidden.applicator.com.freescale.debugger.applicator.launchconfiguration.lc.Bootloader_MCF51AG128_FLASH_PnE U-MultiLink.proj.Bootloader_MCF51AG128" value="com.freescale.debugger.applicator.launchconfiguration.lc.Bootloader_MCF51AG128_FLASH_PnE U-MultiLink.proj.Bootloader_MCF51AG128"/>
<property key="host.address" value=""/>
<property key="host.defaultEncoding" value=""/>
<property key="host.defaultUser" value="IRAP_CTA"/>
<property key="host.description" value=""/>
<property key="host.name" value="Bootloader_MCF51AG128_FLASH_PnE U-MultiLink"/>
<property key="host.promptable" value="false"/>
<property key="host.type" value="com.freescale.cdt.debug.cw.core.ui.rse.systemtype.bareboard.hardware"/>
<property key="propertySet.[OptionalPropertySet].enableConnectorServicesPropertyPage" value="false"/>
<property key="propertySet.[OptionalPropertySet].enableGenericHostPropertyPage" value="false"/>
<property key="propertySet.[com.pemicro.mcu.debug.connections.pne.cfv1].com.freescale.cdt.debug.cw.core.settings.GdiConnection.Common.PhysicalConnectionAttributeBase" value="com.pemicro.mcu.debug.connections.pne.cfv1."/>
<property key="propertySet.[com.pemicro.mcu.debug.connections.pne.cfv1].com.pemicro.mcu.debug.connections.pne.cfv1.Library" value="cf_pne_gdi"/>
<property key="propertySet.[com.pemicro.mcu.debug.connections.pne.cfv1].com.pemicro.mcu.debug.connections.pne.cfv1.PORT_IP" value="COM1"/>
<property key="propertySet.[com.pemicro.mcu.debug.connections.pne.cfv1].com.pemicro.mcu.debug.connections.pne.cfv1.STARTUP_CyclonePro_PowerDownDelay" value="250"/>
<property key="propertySet.[com.pemicro.mcu.debug.connections.pne.cfv1].com.pemicro.mcu.debug.connections.pne.cfv1.STARTUP_CyclonePro_PowerUpDelay" value="250"/>
<property key="propertySet.[com.pemicro.mcu.debug.connections.pne.cfv1].com.pemicro.mcu.debug.connections.pne.cfv1.STARTUP_CyclonePro_currentvoltage" value="255"/>
<property key="propertySet.[com.pemicro.mcu.debug.connections.pne.cfv1].com.pemicro.mcu.debug.connections.pne.cfv1.STARTUP_CyclonePro_poweroffonexit" value="0"/>
<property key="propertySet.[com.pemicro.mcu.debug.connections.pne.cfv1].com.pemicro.mcu.debug.connections.pne.cfv1.STARTUP_IP" value="COM1"/>
<property key="propertySet.[com.pemicro.mcu.debug.connections.pne.cfv1].com.pemicro.mcu.debug.connections.pne.cfv1.STARTUP_PORT" value="0"/>
<property key="propertySet.[com.pemicro.mcu.debug.connections.pne.cfv1].com.pemicro.mcu.debug.connections.pne.cfv1.STARTUP_USE_CYCLONEPRO_RELAYS" value="0"/>
<property key="propertySet.[com.pemicro.mcu.debug.connections.pne.cfv1].com.pemicro.mcu.debug.connections.pne.cfv1.STARTUP_interface_selection" value="3"/>
<property key="propertySet.[cw.dbg.conn].rseSystemId" value="com.freescale.cdt.debug.cw.core.ui.rse.systemtype.bareboard.hardware.system.210506134750+0200"/>
<property key="propertySet.[cw.dbg.ct.bareboard.gdi].logData" value="false"/>
<property key="propertySet.[cw.dbg.ct.targetConnLost].RetryConnectionOn" value="false"/>
<property key="propertySet.[cw.dbg.ct.targetConnLost].RetryTimeout" value="20"/>
<property key="propertySet.[cw.dbg.ct.targetConnLost].RetryWithTimeoutOn" value="false"/>
<property key="propertySet.[cw.dbg.ct.targetConnLost].TerminateConnectionOn" value="false"/>
<property key="propertySet.[cw.dbg.ct.targetConnLost].retryPromptUserActionOn" value="true"/>
<property key="propertySet.[cw.dbg.ct].Connection Type" value="com.pemicro.mcu.debug.connections.pne.cfv1"/>
<property key="propertySet.[cw.ide.settingscache].hidden.HostID" value="com.freescale.cdt.debug.cw.core.ui.rse.systemtype.bareboard.hardware.210506134750+0200"/>
<property key="propertySet.[cw.ide.settingscache].hidden.TimeStamp" value="1620301673067"/>
</properties>
</host>
<host>
<properties>
<property key="host.address" value=""/>
<property key="host.defaultEncoding" value=""/>
<property key="host.defaultUser" value="IRAP_CTA"/>
<property key="host.description" value=""/>
<property key="host.name" value="Bootloader_MCF51AG128_FLASH_PnE U-MultiLink Target"/>
<property key="host.promptable" value="false"/>
<property key="host.type" value="com.freescale.cdt.debug.cw.core.ui.rse.systemtype.bareboard.hardware.system"/>
<property key="propertySet.[OptionalPropertySet].enableConnectorServicesPropertyPage" value="false"/>
<property key="propertySet.[OptionalPropertySet].enableGenericHostPropertyPage" value="false"/>
<property key="propertySet.[cw.dbg.ct.bareboard.ondemand].com.freescale.cw.system.coldfire.MCF51AG.MCF51AG128.0.MCF51AG128.resetOrder" value="0"/>
<property key="propertySet.[cw.dbg.ct.bareboard.ondemand].enableHSSTIOModelConfig" value="false"/>
<property key="propertySet.[cw.dbg.ct.bareboard.ondemand].enableNetworkIOModelConfig" value="false"/>
<property key="propertySet.[cw.dbg.ct.bareboard.ondemand].enableSerialIOModelConfig" value="false"/>
<property key="propertySet.[cw.dbg.ct.bareboard.ondemand].enableStopTransferIOModelConfig" value="true"/>
<property key="propertySet.[cw.dbg.ct.bareboard.ondemand].ethernetController" value="UEC1"/>
<property key="propertySet.[cw.dbg.ct.bareboard.ondemand].executePerCoreReset" value="false"/>
<property key="propertySet.[cw.dbg.ct.bareboard.ondemand].executePerProcessorReset" value="false"/>
<property key="propertySet.[cw.dbg.ct.bareboard.ondemand].executeReset" value="true"/>
<property key="propertySet.[cw.dbg.ct.bareboard.ondemand].initPath" value=""/>
<property key="propertySet.[cw.dbg.ct.bareboard.ondemand].memConfigPath" value="${ProjDirPath}/Project_Settings/Debugger/MCF51AG128.mem"/>
<property key="propertySet.[cw.dbg.ct.bareboard.ondemand].networkDebuggerAddress" value="127.0.0.1"/>
<property key="propertySet.[cw.dbg.ct.bareboard.ondemand].networkGateway" value="127.0.0.1"/>
<property key="propertySet.[cw.dbg.ct.bareboard.ondemand].networkMACAddress" value="**-**-**-**-**-**"/>
<property key="propertySet.[cw.dbg.ct.bareboard.ondemand].networkNetMask" value="255.255.255.255"/>
<property key="propertySet.[cw.dbg.ct.bareboard.ondemand].networkTargetAddress" value="127.0.0.1"/>
<property key="propertySet.[cw.dbg.ct.bareboard.ondemand].networkUDPPort" value="1234"/>
<property key="propertySet.[cw.dbg.ct.bareboard.ondemand].noIOModelConfig" value="false"/>
<property key="propertySet.[cw.dbg.ct.bareboard.ondemand].runOutOfReset" value="false"/>
<property key="propertySet.[cw.dbg.ct.bareboard.ondemand].targetIsPalladium" value="false"/>
<property key="propertySet.[cw.dbg.ct.bareboard.ondemand].useInitFile" value="false"/>
<property key="propertySet.[cw.dbg.ct.bareboard.ondemand].useMemoryConfigFile" value="true"/>
<property key="propertySet.[cw.dbg.ct.bareboard.ondemand].useNetworkGateway" value="false"/>
<property key="propertySet.[cw.dbg.ct.bareboard.ondemand].useNetworkMACAddress" value="false"/>
<property key="propertySet.[cw.dbg.ct.bareboard.ondemand].useNetworkUDPPort" value="false"/>
<property key="propertySet.[cw.dbg.ct.bareboard].enableHSSTIOModelConfig" value="false"/>
<property key="propertySet.[cw.dbg.ct.bareboard].enableNetworkIOModelConfig" value="false"/>
<property key="propertySet.[cw.dbg.ct.bareboard].enableSerialIOModelConfig" value="false"/>
<property key="propertySet.[cw.dbg.ct.bareboard].enableStopTransferIOModelConfig" value="true"/>
<property key="propertySet.[cw.dbg.ct.bareboard].ethernetController" value="UEC1"/>
<property key="propertySet.[cw.dbg.ct.bareboard].executeReset" value="false"/>
<property key="propertySet.[cw.dbg.ct.bareboard].initPath" value=""/>
<property key="propertySet.[cw.dbg.ct.bareboard].memConfigPath" value="${ProjDirPath}/Project_Settings/Debugger/MCF51AG128.mem"/>
<property key="propertySet.[cw.dbg.ct.bareboard].networkDebuggerAddress" value="127.0.0.1"/>
<property key="propertySet.[cw.dbg.ct.bareboard].networkGateway" value="127.0.0.1"/>
<property key="propertySet.[cw.dbg.ct.bareboard].networkMACAddress" value="**-**-**-**-**-**"/>
<property key="propertySet.[cw.dbg.ct.bareboard].networkNetMask" value="255.255.255.255"/>
<property key="propertySet.[cw.dbg.ct.bareboard].networkTargetAddress" value="127.0.0.1"/>
<property key="propertySet.[cw.dbg.ct.bareboard].networkUDPPort" value="1234"/>
<property key="propertySet.[cw.dbg.ct.bareboard].noIOModelConfig" value="false"/>
<property key="propertySet.[cw.dbg.ct.bareboard].runOutOfReset" value="false"/>
<property key="propertySet.[cw.dbg.ct.bareboard].targetIsPalladium" value="false"/>
<property key="propertySet.[cw.dbg.ct.bareboard].useInitFile" value="false"/>
<property key="propertySet.[cw.dbg.ct.bareboard].useMemoryConfigFile" value="true"/>
<property key="propertySet.[cw.dbg.ct.bareboard].useNetworkGateway" value="false"/>
<property key="propertySet.[cw.dbg.ct.bareboard].useNetworkMACAddress" value="false"/>
<property key="propertySet.[cw.dbg.ct.bareboard].useNetworkUDPPort" value="false"/>
<property key="propertySet.[cw.dbg.main].systemType" value="com.freescale.cw.system.coldfire.MCF51AG.MCF51AG128"/>
<property key="propertySet.[cw.ide.settingscache].hidden.HostID" value="com.freescale.cdt.debug.cw.core.ui.rse.systemtype.bareboard.hardware.system.210506134750+0200"/>
<property key="propertySet.[cw.ide.settingscache].hidden.TimeStamp" value="1620301673067"/>
</properties>
</host>
</APSC_Memento>