<?xml version="1.0" encoding="UTF-8"?>
<!-- This file stores a copy of all RSE Systems referenced by the project 
so the systems can be automatically recreated when the project is imported in a new workspace. 
This file is automatically generated and updated by the Eclipse IDE.-->
<APSC_Memento>
<host>
<properties>
<property key="hidden.applicator.com.freescale.debugger.applicator.launchconfiguration.lc.IB_SW_V1_FLASH_PnE U-MultiLink.proj.IB_SW_V1" value="com.freescale.debugger.applicator.launchconfiguration.lc.IB_SW_V1_FLASH_PnE U-MultiLink.proj.IB_SW_V1"/>
<property key="host.address" value=""/>
<property key="host.defaultEncoding" value=""/>
<property key="host.defaultUser" value="leveque"/>
<property key="host.description" value=""/>
<property key="host.name" value="IB_SW_V1_FLASH_PnE U-MultiLink"/>
<property key="host.promptable" value="false"/>
<property key="host.type" value="com.freescale.cdt.debug.cw.core.ui.rse.systemtype.bareboard.hardware"/>
<property key="propertySet.[OptionalPropertySet].enableConnectorServicesPropertyPage" value="false"/>
<property key="propertySet.[OptionalPropertySet].enableGenericHostPropertyPage" value="false"/>
<property key="propertySet.[com.pemicro.mcu.debug.connections.pne.cfv1].com.freescale.cdt.debug.cw.CW_SHADOWED_PREF.Embedded Initialization.simulator" value=""/>
<property key="propertySet.[com.pemicro.mcu.debug.connections.pne.cfv1].com.freescale.cdt.debug.cw.core.settings.GdiConnection.Common.PhysicalConnectionAttributeBase" value="com.pemicro.mcu.debug.connections.pne.cfv1."/>
<property key="propertySet.[com.pemicro.mcu.debug.connections.pne.cfv1].com.freescale.cdt.debug.cw.core.settings.GdiConnection.Common.SimulatorConnectionAttributeBase" value=""/>
<property key="propertySet.[com.pemicro.mcu.debug.connections.pne.cfv1].com.pemicro.mcu.debug.connections.pne.cfv1.CommandLineArgs" value=""/>
<property key="propertySet.[com.pemicro.mcu.debug.connections.pne.cfv1].com.pemicro.mcu.debug.connections.pne.cfv1.ConfigFile" value=""/>
<property key="propertySet.[com.pemicro.mcu.debug.connections.pne.cfv1].com.pemicro.mcu.debug.connections.pne.cfv1.Library" value="cf_pne_gdi"/>
<property key="propertySet.[com.pemicro.mcu.debug.connections.pne.cfv1].com.pemicro.mcu.debug.connections.pne.cfv1.PEDEBUG_ALTERNATIVE_ALGORITHM_CHECKBOX" value="0"/>
<property key="propertySet.[com.pemicro.mcu.debug.connections.pne.cfv1].com.pemicro.mcu.debug.connections.pne.cfv1.PEDEBUG_ALTERNATIVE_ALGORITHM_PATH" value=""/>
<property key="propertySet.[com.pemicro.mcu.debug.connections.pne.cfv1].com.pemicro.mcu.debug.connections.pne.cfv1.PEDEBUG_AUTO_SYNC" value="1"/>
<property key="propertySet.[com.pemicro.mcu.debug.connections.pne.cfv1].com.pemicro.mcu.debug.connections.pne.cfv1.PEDEBUG_CURRENT_ALGORITHM_INDEX" value="0"/>
<property key="propertySet.[com.pemicro.mcu.debug.connections.pne.cfv1].com.pemicro.mcu.debug.connections.pne.cfv1.PEDEBUG_ENABLE_FLASH_PROGRAMMING_DIALOG" value="0"/>
<property key="propertySet.[com.pemicro.mcu.debug.connections.pne.cfv1].com.pemicro.mcu.debug.connections.pne.cfv1.PEDEBUG_ERASE_PROGRAM_WITHOUT_ASKING" value="0"/>
<property key="propertySet.[com.pemicro.mcu.debug.connections.pne.cfv1].com.pemicro.mcu.debug.connections.pne.cfv1.PORT_IP" value="COM1"/>
<property key="propertySet.[com.pemicro.mcu.debug.connections.pne.cfv1].com.pemicro.mcu.debug.connections.pne.cfv1.STARTUP_CyclonePro_PowerDownDelay" value="250"/>
<property key="propertySet.[com.pemicro.mcu.debug.connections.pne.cfv1].com.pemicro.mcu.debug.connections.pne.cfv1.STARTUP_CyclonePro_PowerUpDelay" value="250"/>
<property key="propertySet.[com.pemicro.mcu.debug.connections.pne.cfv1].com.pemicro.mcu.debug.connections.pne.cfv1.STARTUP_CyclonePro_currentvoltage" value="255"/>
<property key="propertySet.[com.pemicro.mcu.debug.connections.pne.cfv1].com.pemicro.mcu.debug.connections.pne.cfv1.STARTUP_CyclonePro_poweroffonexit" value="0"/>
<property key="propertySet.[com.pemicro.mcu.debug.connections.pne.cfv1].com.pemicro.mcu.debug.connections.pne.cfv1.STARTUP_IP" value="COM1"/>
<property key="propertySet.[com.pemicro.mcu.debug.connections.pne.cfv1].com.pemicro.mcu.debug.connections.pne.cfv1.STARTUP_Multilink_PowerDownDelay" value="250"/>
<property key="propertySet.[com.pemicro.mcu.debug.connections.pne.cfv1].com.pemicro.mcu.debug.connections.pne.cfv1.STARTUP_Multilink_PowerUpDelay" value="1000"/>
<property key="propertySet.[com.pemicro.mcu.debug.connections.pne.cfv1].com.pemicro.mcu.debug.connections.pne.cfv1.STARTUP_PORT" value="1"/>
<property key="propertySet.[com.pemicro.mcu.debug.connections.pne.cfv1].com.pemicro.mcu.debug.connections.pne.cfv1.STARTUP_PORT_NAME_STRING" value="PE5655104"/>
<property key="propertySet.[com.pemicro.mcu.debug.connections.pne.cfv1].com.pemicro.mcu.debug.connections.pne.cfv1.STARTUP_SPECIFY_IP" value="127.0.0.1"/>
<property key="propertySet.[com.pemicro.mcu.debug.connections.pne.cfv1].com.pemicro.mcu.debug.connections.pne.cfv1.STARTUP_SPECIFY_IP_ENABLED" value="0"/>
<property key="propertySet.[com.pemicro.mcu.debug.connections.pne.cfv1].com.pemicro.mcu.debug.connections.pne.cfv1.STARTUP_SPECIFY_NETWORKCARD" value="127.0.0.1"/>
<property key="propertySet.[com.pemicro.mcu.debug.connections.pne.cfv1].com.pemicro.mcu.debug.connections.pne.cfv1.STARTUP_SPECIFY_NETWORKCARD_ENABLED" value="0"/>
<property key="propertySet.[com.pemicro.mcu.debug.connections.pne.cfv1].com.pemicro.mcu.debug.connections.pne.cfv1.STARTUP_USE_CYCLONEPRO_RELAYS" value="0"/>
<property key="propertySet.[com.pemicro.mcu.debug.connections.pne.cfv1].com.pemicro.mcu.debug.connections.pne.cfv1.STARTUP_interface_selection" value="3"/>
<property key="propertySet.[com.pemicro.mcu.debug.connections.pne.cfv1].com.pemicro.mcu.debug.connections.pne.cfv1.UUID" value="229a2b12-c2f5-47a4-9211-809fe4bc568a"/>
<property key="propertySet.[cw.dbg.conn].rseSystemId" value="com.freescale.cdt.debug.cw.core.ui.rse.systemtype.bareboard.hardware.system.150709110311+0200"/>
<property key="propertySet.[cw.dbg.ct.bareboard.gdi].logData" value="false"/>
<property key="propertySet.[cw.dbg.ct.targetConnLost].RetryConnectionOn" value="false"/>
<property key="propertySet.[cw.dbg.ct.targetConnLost].RetryTimeout" value="20"/>
<property key="propertySet.[cw.dbg.ct.targetConnLost].RetryWithTimeoutOn" value="false"/>
<property key="propertySet.[cw.dbg.ct.targetConnLost].TerminateConnectionOn" value="false"/>
<property key="propertySet.[cw.dbg.ct.targetConnLost].retryPromptUserActionOn" value="true"/>
<property key="propertySet.[cw.dbg.ct].Connection Type" value="com.pemicro.mcu.debug.connections.pne.cfv1"/>
<property key="propertySet.[cw.dbg.main].templateId" value="None"/>
<property key="propertySet.[cw.ide.settingscache].hidden.HostID" value="com.freescale.cdt.debug.cw.core.ui.rse.systemtype.bareboard.hardware.150709110311+0200"/>
<property key="propertySet.[cw.ide.settingscache].hidden.TimeStamp" value="1436457430212"/>
</properties>
</host>
<host>
<properties>
<property key="host.address" value=""/>
<property key="host.defaultEncoding" value=""/>
<property key="host.defaultUser" value="leveque"/>
<property key="host.description" value=""/>
<property key="host.name" value="IB_SW_V1_FLASH_PnE U-MultiLink Target"/>
<property key="host.promptable" value="false"/>
<property key="host.type" value="com.freescale.cdt.debug.cw.core.ui.rse.systemtype.bareboard.hardware.system"/>
<property key="propertySet.[OptionalPropertySet].enableConnectorServicesPropertyPage" value="false"/>
<property key="propertySet.[OptionalPropertySet].enableGenericHostPropertyPage" value="false"/>
<property key="propertySet.[cw.dbg.ct.bareboard].enableHSSTIOModelConfig" value="false"/>
<property key="propertySet.[cw.dbg.ct.bareboard].enableNetworkIOModelConfig" value="false"/>
<property key="propertySet.[cw.dbg.ct.bareboard].enableSerialIOModelConfig" value="false"/>
<property key="propertySet.[cw.dbg.ct.bareboard].enableStopTransferIOModelConfig" value="true"/>
<property key="propertySet.[cw.dbg.ct.bareboard].ethernetController" value="UEC1"/>
<property key="propertySet.[cw.dbg.ct.bareboard].executeReset" value="false"/>
<property key="propertySet.[cw.dbg.ct.bareboard].initPath" value=""/>
<property key="propertySet.[cw.dbg.ct.bareboard].memConfigPath" value="${ProjDirPath}/Project_Settings/Debugger/MCF51AG128.mem"/>
<property key="propertySet.[cw.dbg.ct.bareboard].networkDebuggerAddress" value="127.0.0.1"/>
<property key="propertySet.[cw.dbg.ct.bareboard].networkGateway" value="127.0.0.1"/>
<property key="propertySet.[cw.dbg.ct.bareboard].networkMACAddress" value="**-**-**-**-**-**"/>
<property key="propertySet.[cw.dbg.ct.bareboard].networkNetMask" value="255.255.255.255"/>
<property key="propertySet.[cw.dbg.ct.bareboard].networkTargetAddress" value="127.0.0.1"/>
<property key="propertySet.[cw.dbg.ct.bareboard].networkUDPPort" value="1234"/>
<property key="propertySet.[cw.dbg.ct.bareboard].noIOModelConfig" value="false"/>
<property key="propertySet.[cw.dbg.ct.bareboard].runOutOfReset" value="false"/>
<property key="propertySet.[cw.dbg.ct.bareboard].targetIsPalladium" value="false"/>
<property key="propertySet.[cw.dbg.ct.bareboard].useInitFile" value="false"/>
<property key="propertySet.[cw.dbg.ct.bareboard].useMemoryConfigFile" value="true"/>
<property key="propertySet.[cw.dbg.ct.bareboard].useNetworkGateway" value="false"/>
<property key="propertySet.[cw.dbg.ct.bareboard].useNetworkMACAddress" value="false"/>
<property key="propertySet.[cw.dbg.ct.bareboard].useNetworkUDPPort" value="false"/>
<property key="propertySet.[cw.dbg.main].systemType" value="com.freescale.cw.system.coldfire.MCF51AG.MCF51AG128"/>
<property key="propertySet.[cw.ide.settingscache].hidden.HostID" value="com.freescale.cdt.debug.cw.core.ui.rse.systemtype.bareboard.hardware.system.150709110311+0200"/>
<property key="propertySet.[cw.ide.settingscache].hidden.TimeStamp" value="1436432593811"/>
</properties>
</host>
</APSC_Memento>